00:00, Wed Jan 01 2025, 70
01:00, Wed Jan 01 2025, 70
02:00, Wed Jan 01 2025, 70
03:00, Wed Jan 01 2025, 70
04:00, Wed Jan 01 2025, 70
05:00, Wed Jan 01 2025, 70
06:00, Wed Jan 01 2025, 70
07:00, Wed Jan 01 2025, 70
08:00, Wed Jan 01 2025, 70
09:00, Wed Jan 01 2025, 70
10:00, Wed Jan 01 2025, 70
11:00, Wed Jan 01 2025, 70
12:00, Wed Jan 01 2025, 70
13:00, Wed Jan 01 2025, 70
14:00, Wed Jan 01 2025, 70
15:00, Wed Jan 01 2025, 70
16:00, Wed Jan 01 2025, 70
17:00, Wed Jan 01 2025, 70
18:00, Wed Jan 01 2025, 70
19:00, Wed Jan 01 2025, 70
20:00, Wed Jan 01 2025, 70
21:00, Wed Jan 01 2025, 70
22:00, Wed Jan 01 2025, 70
23:00, Wed Jan 01 2025, 70
00:00, Thu Jan 02 2025, 70
01:00, Thu Jan 02 2025, 70
02:00, Thu Jan 02 2025, 70
03:00, Thu Jan 02 2025, 70
04:00, Thu Jan 02 2025, 70
05:00, Thu Jan 02 2025, 70
06:00, Thu Jan 02 2025, 70
07:00, Thu Jan 02 2025, 70
08:00, Thu Jan 02 2025, 70
09:00, Thu Jan 02 2025, 70
10:00, Thu Jan 02 2025, 70
11:00, Thu Jan 02 2025, 70
12:00, Thu Jan 02 2025, 70
13:00, Thu Jan 02 2025, 70
14:00, Thu Jan 02 2025, 70
15:00, Thu Jan 02 2025, 70
16:00, Thu Jan 02 2025, 70
17:00, Thu Jan 02 2025, 70
18:00, Thu Jan 02 2025, 70
19:00, Thu Jan 02 2025, 70
20:00, Thu Jan 02 2025, 70
21:00, Thu Jan 02 2025, 70
22:00, Thu Jan 02 2025, 70
23:00, Thu Jan 02 2025, 70
00:00, Fri Jan 03 2025, 70
01:00, Fri Jan 03 2025, 70
02:00, Fri Jan 03 2025, 70
03:00, Fri Jan 03 2025, 70
04:00, Fri Jan 03 2025, 70
05:00, Fri Jan 03 2025, 70
06:00, Fri Jan 03 2025, 70
07:00, Fri Jan 03 2025, 70
08:00, Fri Jan 03 2025, 70
09:00, Fri Jan 03 2025, 70
10:00, Fri Jan 03 2025, 70
11:00, Fri Jan 03 2025, 70
12:00, Fri Jan 03 2025, 70
13:00, Fri Jan 03 2025, 70
14:00, Fri Jan 03 2025, 70
15:00, Fri Jan 03 2025, 70
16:00, Fri Jan 03 2025, 70
17:00, Fri Jan 03 2025, 70
18:00, Fri Jan 03 2025, 70
19:00, Fri Jan 03 2025, 70
20:00, Fri Jan 03 2025, 70
21:00, Fri Jan 03 2025, 70
22:00, Fri Jan 03 2025, 70
23:00, Fri Jan 03 2025, 70
00:00, Sat Jan 04 2025, 70
01:00, Sat Jan 04 2025, 70
02:00, Sat Jan 04 2025, 70
03:00, Sat Jan 04 2025, 70
04:00, Sat Jan 04 2025, 70
05:00, Sat Jan 04 2025, 70
06:00, Sat Jan 04 2025, 70
07:00, Sat Jan 04 2025, 70
08:00, Sat Jan 04 2025, 70
09:00, Sat Jan 04 2025, 70
10:00, Sat Jan 04 2025, 70
11:00, Sat Jan 04 2025, 70
12:00, Sat Jan 04 2025, 70
13:00, Sat Jan 04 2025, 70
14:00, Sat Jan 04 2025, 70
15:00, Sat Jan 04 2025, 70
16:00, Sat Jan 04 2025, 70
17:00, Sat Jan 04 2025, 70
18:00, Sat Jan 04 2025, 70
19:00, Sat Jan 04 2025, 70
20:00, Sat Jan 04 2025, 70
21:00, Sat Jan 04 2025, 70
22:00, Sat Jan 04 2025, 70
23:00, Sat Jan 04 2025, 70
00:00, Sun Jan 05 2025, 70
01:00, Sun Jan 05 2025, 70
02:00, Sun Jan 05 2025, 70
03:00, Sun Jan 05 2025, 70
04:00, Sun Jan 05 2025, 70
05:00, Sun Jan 05 2025, 70
06:00, Sun Jan 05 2025, 70
07:00, Sun Jan 05 2025, 70
08:00, Sun Jan 05 2025, 70
09:00, Sun Jan 05 2025, 70
10:00, Sun Jan 05 2025, 70
11:00, Sun Jan 05 2025, 70
12:00, Sun Jan 05 2025, 70
13:00, Sun Jan 05 2025, 70
14:00, Sun Jan 05 2025, 70
15:00, Sun Jan 05 2025, 70
16:00, Sun Jan 05 2025, 70
17:00, Sun Jan 05 2025, 70
18:00, Sun Jan 05 2025, 70
19:00, Sun Jan 05 2025, 70
20:00, Sun Jan 05 2025, 70
21:00, Sun Jan 05 2025, 70
22:00, Sun Jan 05 2025, 70
23:00, Sun Jan 05 2025, 70
00:00, Mon Jan 06 2025, 70
01:00, Mon Jan 06 2025, 70
02:00, Mon Jan 06 2025, 70
03:00, Mon Jan 06 2025, 70
04:00, Mon Jan 06 2025, 70
05:00, Mon Jan 06 2025, 70
06:00, Mon Jan 06 2025, 70
07:00, Mon Jan 06 2025, 70
08:00, Mon Jan 06 2025, 70
09:00, Mon Jan 06 2025, 70
10:00, Mon Jan 06 2025, 70
11:00, Mon Jan 06 2025, 70
12:00, Mon Jan 06 2025, 70
13:00, Mon Jan 06 2025, 70
14:00, Mon Jan 06 2025, 70
15:00, Mon Jan 06 2025, 70
16:00, Mon Jan 06 2025, 70
17:00, Mon Jan 06 2025, 70
18:00, Mon Jan 06 2025, 70
19:00, Mon Jan 06 2025, 70
20:00, Mon Jan 06 2025, 70
21:00, Mon Jan 06 2025, 70
22:00, Mon Jan 06 2025, 70
23:00, Mon Jan 06 2025, 70
00:00, Tue Jan 07 2025, 70
01:00, Tue Jan 07 2025, 70
02:00, Tue Jan 07 2025, 70
03:00, Tue Jan 07 2025, 70
04:00, Tue Jan 07 2025, 70
05:00, Tue Jan 07 2025, 70
06:00, Tue Jan 07 2025, 70
07:00, Tue Jan 07 2025, 70
08:00, Tue Jan 07 2025, 70
09:00, Tue Jan 07 2025, 70
10:00, Tue Jan 07 2025, 70
11:00, Tue Jan 07 2025, 70
12:00, Tue Jan 07 2025, 70
13:00, Tue Jan 07 2025, 70
14:00, Tue Jan 07 2025, 70
15:00, Tue Jan 07 2025, 70
16:00, Tue Jan 07 2025, 70
17:00, Tue Jan 07 2025, 70
18:00, Tue Jan 07 2025, 70
19:00, Tue Jan 07 2025, 70
20:00, Tue Jan 07 2025, 70
21:00, Tue Jan 07 2025, 70
22:00, Tue Jan 07 2025, 70
23:00, Tue Jan 07 2025, 70
00:00, Wed Jan 08 2025, 70
01:00, Wed Jan 08 2025, 70
02:00, Wed Jan 08 2025, 70
03:00, Wed Jan 08 2025, 70
04:00, Wed Jan 08 2025, 70
05:00, Wed Jan 08 2025, 70
06:00, Wed Jan 08 2025, 70
07:00, Wed Jan 08 2025, 70
08:00, Wed Jan 08 2025, 70
09:00, Wed Jan 08 2025, 70
10:00, Wed Jan 08 2025, 70
11:00, Wed Jan 08 2025, 70
12:00, Wed Jan 08 2025, 70
13:00, Wed Jan 08 2025, 70
14:00, Wed Jan 08 2025, 70
15:00, Wed Jan 08 2025, 70
16:00, Wed Jan 08 2025, 70
17:00, Wed Jan 08 2025, 70
18:00, Wed Jan 08 2025, 70
19:00, Wed Jan 08 2025, 70
20:00, Wed Jan 08 2025, 70
21:00, Wed Jan 08 2025, 70
22:00, Wed Jan 08 2025, 70
23:00, Wed Jan 08 2025, 70
00:00, Thu Jan 09 2025, 70
01:00, Thu Jan 09 2025, 70
02:00, Thu Jan 09 2025, 70
03:00, Thu Jan 09 2025, 70
04:00, Thu Jan 09 2025, 70
05:00, Thu Jan 09 2025, 70
06:00, Thu Jan 09 2025, 70
07:00, Thu Jan 09 2025, 70
08:00, Thu Jan 09 2025, 70
09:00, Thu Jan 09 2025, 70
10:00, Thu Jan 09 2025, 70
11:00, Thu Jan 09 2025, 70
12:00, Thu Jan 09 2025, 70
13:00, Thu Jan 09 2025, 70
14:00, Thu Jan 09 2025, 70
15:00, Thu Jan 09 2025, 70
16:00, Thu Jan 09 2025, 70
17:00, Thu Jan 09 2025, 70
18:00, Thu Jan 09 2025, 70
19:00, Thu Jan 09 2025, 70
20:00, Thu Jan 09 2025, 70
21:00, Thu Jan 09 2025, 70
22:00, Thu Jan 09 2025, 70
23:00, Thu Jan 09 2025, 70
00:00, Fri Jan 10 2025, 70
01:00, Fri Jan 10 2025, 70
02:00, Fri Jan 10 2025, 70
03:00, Fri Jan 10 2025, 70
04:00, Fri Jan 10 2025, 70
05:00, Fri Jan 10 2025, 70
06:00, Fri Jan 10 2025, 70
07:00, Fri Jan 10 2025, 70
08:00, Fri Jan 10 2025, 70
09:00, Fri Jan 10 2025, 70
10:00, Fri Jan 10 2025, 70
11:00, Fri Jan 10 2025, 70
12:00, Fri Jan 10 2025, 70
13:00, Fri Jan 10 2025, 70
14:00, Fri Jan 10 2025, 70
15:00, Fri Jan 10 2025, 70
16:00, Fri Jan 10 2025, 70
17:00, Fri Jan 10 2025, 70
18:00, Fri Jan 10 2025, 70
19:00, Fri Jan 10 2025, 70
20:00, Fri Jan 10 2025, 70
21:00, Fri Jan 10 2025, 70
22:00, Fri Jan 10 2025, 70
23:00, Fri Jan 10 2025, 70
00:00, Sat Jan 11 2025, 70
01:00, Sat Jan 11 2025, 70
02:00, Sat Jan 11 2025, 70
03:00, Sat Jan 11 2025, 70
04:00, Sat Jan 11 2025, 70
05:00, Sat Jan 11 2025, 70
06:00, Sat Jan 11 2025, 70
07:00, Sat Jan 11 2025, 70
08:00, Sat Jan 11 2025, 70
09:00, Sat Jan 11 2025, 70
10:00, Sat Jan 11 2025, 70
11:00, Sat Jan 11 2025, 70
12:00, Sat Jan 11 2025, 70
13:00, Sat Jan 11 2025, 70
14:00, Sat Jan 11 2025, 70
15:00, Sat Jan 11 2025, 70
16:00, Sat Jan 11 2025, 70
17:00, Sat Jan 11 2025, 70
18:00, Sat Jan 11 2025, 70
19:00, Sat Jan 11 2025, 70
20:00, Sat Jan 11 2025, 70
21:00, Sat Jan 11 2025, 70
22:00, Sat Jan 11 2025, 70
23:00, Sat Jan 11 2025, 70
00:00, Sun Jan 12 2025, 70
01:00, Sun Jan 12 2025, 70
02:00, Sun Jan 12 2025, 70
03:00, Sun Jan 12 2025, 70
04:00, Sun Jan 12 2025, 70
05:00, Sun Jan 12 2025, 70
06:00, Sun Jan 12 2025, 70
07:00, Sun Jan 12 2025, 70
08:00, Sun Jan 12 2025, 70
09:00, Sun Jan 12 2025, 70
10:00, Sun Jan 12 2025, 70
11:00, Sun Jan 12 2025, 70
12:00, Sun Jan 12 2025, 70
13:00, Sun Jan 12 2025, 70
14:00, Sun Jan 12 2025, 70
15:00, Sun Jan 12 2025, 70
16:00, Sun Jan 12 2025, 70
17:00, Sun Jan 12 2025, 70
18:00, Sun Jan 12 2025, 70
19:00, Sun Jan 12 2025, 70
20:00, Sun Jan 12 2025, 70
21:00, Sun Jan 12 2025, 70
22:00, Sun Jan 12 2025, 70
23:00, Sun Jan 12 2025, 70
00:00, Mon Jan 13 2025, 70
01:00, Mon Jan 13 2025, 70
02:00, Mon Jan 13 2025, 70
03:00, Mon Jan 13 2025, 70
04:00, Mon Jan 13 2025, 70
05:00, Mon Jan 13 2025, 70
06:00, Mon Jan 13 2025, 70
07:00, Mon Jan 13 2025, 70
08:00, Mon Jan 13 2025, 70
09:00, Mon Jan 13 2025, 70
10:00, Mon Jan 13 2025, 70
11:00, Mon Jan 13 2025, 70
12:00, Mon Jan 13 2025, 70
13:00, Mon Jan 13 2025, 70
14:00, Mon Jan 13 2025, 70
15:00, Mon Jan 13 2025, 70
16:00, Mon Jan 13 2025, 70
17:00, Mon Jan 13 2025, 70
18:00, Mon Jan 13 2025, 70
19:00, Mon Jan 13 2025, 70
20:00, Mon Jan 13 2025, 70
21:00, Mon Jan 13 2025, 70
22:00, Mon Jan 13 2025, 70
23:00, Mon Jan 13 2025, 70
00:00, Tue Jan 14 2025, 70
01:00, Tue Jan 14 2025, 70
02:00, Tue Jan 14 2025, 70
03:00, Tue Jan 14 2025, 70
04:00, Tue Jan 14 2025, 70
05:00, Tue Jan 14 2025, 70
06:00, Tue Jan 14 2025, 70
07:00, Tue Jan 14 2025, 70
08:00, Tue Jan 14 2025, 70
09:00, Tue Jan 14 2025, 70
10:00, Tue Jan 14 2025, 70
11:00, Tue Jan 14 2025, 70
12:00, Tue Jan 14 2025, 70
13:00, Tue Jan 14 2025, 70
14:00, Tue Jan 14 2025, 70
15:00, Tue Jan 14 2025, 70
16:00, Tue Jan 14 2025, 70
17:00, Tue Jan 14 2025, 70
18:00, Tue Jan 14 2025, 70
19:00, Tue Jan 14 2025, 70
20:00, Tue Jan 14 2025, 70
21:00, Tue Jan 14 2025, 70
22:00, Tue Jan 14 2025, 70
23:00, Tue Jan 14 2025, 70
00:00, Wed Jan 15 2025, 70
01:00, Wed Jan 15 2025, 70
02:00, Wed Jan 15 2025, 70
03:00, Wed Jan 15 2025, 70
04:00, Wed Jan 15 2025, 70
05:00, Wed Jan 15 2025, 70
06:00, Wed Jan 15 2025, 70
07:00, Wed Jan 15 2025, 70
08:00, Wed Jan 15 2025, 70
09:00, Wed Jan 15 2025, 70
10:00, Wed Jan 15 2025, 70
11:00, Wed Jan 15 2025, 70
12:00, Wed Jan 15 2025, 70
13:00, Wed Jan 15 2025, 70
14:00, Wed Jan 15 2025, 70
15:00, Wed Jan 15 2025, 70
16:00, Wed Jan 15 2025, 70
17:00, Wed Jan 15 2025, 70
18:00, Wed Jan 15 2025, 70
19:00, Wed Jan 15 2025, 70
20:00, Wed Jan 15 2025, 70
21:00, Wed Jan 15 2025, 70
22:00, Wed Jan 15 2025, 70
23:00, Wed Jan 15 2025, 70
00:00, Thu Jan 16 2025, 70
01:00, Thu Jan 16 2025, 70
02:00, Thu Jan 16 2025, 70
03:00, Thu Jan 16 2025, 70
04:00, Thu Jan 16 2025, 70
05:00, Thu Jan 16 2025, 70
06:00, Thu Jan 16 2025, 70
07:00, Thu Jan 16 2025, 70
08:00, Thu Jan 16 2025, 70
09:00, Thu Jan 16 2025, 70
10:00, Thu Jan 16 2025, 70
11:00, Thu Jan 16 2025, 70
12:00, Thu Jan 16 2025, 70
13:00, Thu Jan 16 2025, 70
14:00, Thu Jan 16 2025, 70
15:00, Thu Jan 16 2025, 70
16:00, Thu Jan 16 2025, 70
17:00, Thu Jan 16 2025, 70
18:00, Thu Jan 16 2025, 70
19:00, Thu Jan 16 2025, 70
20:00, Thu Jan 16 2025, 70
21:00, Thu Jan 16 2025, 70
22:00, Thu Jan 16 2025, 70
23:00, Thu Jan 16 2025, 70
00:00, Fri Jan 17 2025, 70
01:00, Fri Jan 17 2025, 70
02:00, Fri Jan 17 2025, 70
03:00, Fri Jan 17 2025, 70
04:00, Fri Jan 17 2025, 70
05:00, Fri Jan 17 2025, 70
06:00, Fri Jan 17 2025, 70
07:00, Fri Jan 17 2025, 70
08:00, Fri Jan 17 2025, 70
09:00, Fri Jan 17 2025, 70
10:00, Fri Jan 17 2025, 70
11:00, Fri Jan 17 2025, 70
12:00, Fri Jan 17 2025, 70
13:00, Fri Jan 17 2025, 70
14:00, Fri Jan 17 2025, 70
15:00, Fri Jan 17 2025, 70
16:00, Fri Jan 17 2025, 70
17:00, Fri Jan 17 2025, 70
18:00, Fri Jan 17 2025, 70
19:00, Fri Jan 17 2025, 70
20:00, Fri Jan 17 2025, 70
21:00, Fri Jan 17 2025, 70
22:00, Fri Jan 17 2025, 70
23:00, Fri Jan 17 2025, 70
00:00, Sat Jan 18 2025, 70
01:00, Sat Jan 18 2025, 70
02:00, Sat Jan 18 2025, 70
03:00, Sat Jan 18 2025, 70
04:00, Sat Jan 18 2025, 70
05:00, Sat Jan 18 2025, 70
06:00, Sat Jan 18 2025, 70
07:00, Sat Jan 18 2025, 70
08:00, Sat Jan 18 2025, 70
09:00, Sat Jan 18 2025, 70
10:00, Sat Jan 18 2025, 70
11:00, Sat Jan 18 2025, 70
12:00, Sat Jan 18 2025, 70
13:00, Sat Jan 18 2025, 70
14:00, Sat Jan 18 2025, 70
15:00, Sat Jan 18 2025, 70
16:00, Sat Jan 18 2025, 70
17:00, Sat Jan 18 2025, 70
18:00, Sat Jan 18 2025, 70
19:00, Sat Jan 18 2025, 70
20:00, Sat Jan 18 2025, 70
21:00, Sat Jan 18 2025, 70
22:00, Sat Jan 18 2025, 70
23:00, Sat Jan 18 2025, 70
00:00, Sun Jan 19 2025, 70
01:00, Sun Jan 19 2025, 70
02:00, Sun Jan 19 2025, 70
03:00, Sun Jan 19 2025, 70
04:00, Sun Jan 19 2025, 70
05:00, Sun Jan 19 2025, 70
06:00, Sun Jan 19 2025, 70
07:00, Sun Jan 19 2025, 70
08:00, Sun Jan 19 2025, 70
09:00, Sun Jan 19 2025, 70
10:00, Sun Jan 19 2025, 70
11:00, Sun Jan 19 2025, 70
12:00, Sun Jan 19 2025, 70
13:00, Sun Jan 19 2025, 70
14:00, Sun Jan 19 2025, 70
15:00, Sun Jan 19 2025, 70
16:00, Sun Jan 19 2025, 70
17:00, Sun Jan 19 2025, 70
18:00, Sun Jan 19 2025, 70
19:00, Sun Jan 19 2025, 70
20:00, Sun Jan 19 2025, 70
21:00, Sun Jan 19 2025, 70
22:00, Sun Jan 19 2025, 70
23:00, Sun Jan 19 2025, 70
00:00, Mon Jan 20 2025, 70
01:00, Mon Jan 20 2025, 70
02:00, Mon Jan 20 2025, 70
03:00, Mon Jan 20 2025, 70
04:00, Mon Jan 20 2025, 70
05:00, Mon Jan 20 2025, 70
06:00, Mon Jan 20 2025, 70
07:00, Mon Jan 20 2025, 70
08:00, Mon Jan 20 2025, 70
09:00, Mon Jan 20 2025, 70
10:00, Mon Jan 20 2025, 70
11:00, Mon Jan 20 2025, 70
12:00, Mon Jan 20 2025, 70
13:00, Mon Jan 20 2025, 70
14:00, Mon Jan 20 2025, 70
15:00, Mon Jan 20 2025, 70
16:00, Mon Jan 20 2025, 70
17:00, Mon Jan 20 2025, 70
18:00, Mon Jan 20 2025, 70
19:00, Mon Jan 20 2025, 70
20:00, Mon Jan 20 2025, 70
21:00, Mon Jan 20 2025, 70
22:00, Mon Jan 20 2025, 70
23:00, Mon Jan 20 2025, 70
00:00, Tue Jan 21 2025, 70
01:00, Tue Jan 21 2025, 70
02:00, Tue Jan 21 2025, 70
03:00, Tue Jan 21 2025, 70
04:00, Tue Jan 21 2025, 70
05:00, Tue Jan 21 2025, 70
06:00, Tue Jan 21 2025, 70
07:00, Tue Jan 21 2025, 70
08:00, Tue Jan 21 2025, 70
09:00, Tue Jan 21 2025, 70
10:00, Tue Jan 21 2025, 70
11:00, Tue Jan 21 2025, 70
12:00, Tue Jan 21 2025, 70
13:00, Tue Jan 21 2025, 70
14:00, Tue Jan 21 2025, 70
15:00, Tue Jan 21 2025, 70
16:00, Tue Jan 21 2025, 70
17:00, Tue Jan 21 2025, 70
18:00, Tue Jan 21 2025, 70
19:00, Tue Jan 21 2025, 70
20:00, Tue Jan 21 2025, 70
21:00, Tue Jan 21 2025, 70
22:00, Tue Jan 21 2025, 70
23:00, Tue Jan 21 2025, 70
00:00, Wed Jan 22 2025, 70
01:00, Wed Jan 22 2025, 70
02:00, Wed Jan 22 2025, 70
03:00, Wed Jan 22 2025, 70
04:00, Wed Jan 22 2025, 70
05:00, Wed Jan 22 2025, 70
06:00, Wed Jan 22 2025, 70
07:00, Wed Jan 22 2025, 70
08:00, Wed Jan 22 2025, 70
09:00, Wed Jan 22 2025, 70
10:00, Wed Jan 22 2025, 70
11:00, Wed Jan 22 2025, 70
12:00, Wed Jan 22 2025, 70
13:00, Wed Jan 22 2025, 70
14:00, Wed Jan 22 2025, 70
15:00, Wed Jan 22 2025, 70
16:00, Wed Jan 22 2025, 70
17:00, Wed Jan 22 2025, 70
18:00, Wed Jan 22 2025, 70
19:00, Wed Jan 22 2025, 70
20:00, Wed Jan 22 2025, 70
21:00, Wed Jan 22 2025, 70
22:00, Wed Jan 22 2025, 70
23:00, Wed Jan 22 2025, 70
00:00, Thu Jan 23 2025, 70
01:00, Thu Jan 23 2025, 70
02:00, Thu Jan 23 2025, 70
03:00, Thu Jan 23 2025, 70
04:00, Thu Jan 23 2025, 70
05:00, Thu Jan 23 2025, 70
06:00, Thu Jan 23 2025, 70
07:00, Thu Jan 23 2025, 70
08:00, Thu Jan 23 2025, 70
09:00, Thu Jan 23 2025, 70
10:00, Thu Jan 23 2025, 70
11:00, Thu Jan 23 2025, 70
12:00, Thu Jan 23 2025, 70
13:00, Thu Jan 23 2025, 70
14:00, Thu Jan 23 2025, 70
15:00, Thu Jan 23 2025, 70
16:00, Thu Jan 23 2025, 70
17:00, Thu Jan 23 2025, 70
18:00, Thu Jan 23 2025, 70
19:00, Thu Jan 23 2025, 70
20:00, Thu Jan 23 2025, 70
21:00, Thu Jan 23 2025, 70
22:00, Thu Jan 23 2025, 70
23:00, Thu Jan 23 2025, 70
00:00, Fri Jan 24 2025, 70
01:00, Fri Jan 24 2025, 70
02:00, Fri Jan 24 2025, 70
03:00, Fri Jan 24 2025, 70
04:00, Fri Jan 24 2025, 70
05:00, Fri Jan 24 2025, 70
06:00, Fri Jan 24 2025, 70
07:00, Fri Jan 24 2025, 70
08:00, Fri Jan 24 2025, 70
09:00, Fri Jan 24 2025, 70
10:00, Fri Jan 24 2025, 70
11:00, Fri Jan 24 2025, 70
12:00, Fri Jan 24 2025, 70
13:00, Fri Jan 24 2025, 70
14:00, Fri Jan 24 2025, 70
15:00, Fri Jan 24 2025, 70
16:00, Fri Jan 24 2025, 70
17:00, Fri Jan 24 2025, 70
18:00, Fri Jan 24 2025, 70
19:00, Fri Jan 24 2025, 70
20:00, Fri Jan 24 2025, 70
21:00, Fri Jan 24 2025, 70
22:00, Fri Jan 24 2025, 70
23:00, Fri Jan 24 2025, 70
00:00, Sat Jan 25 2025, 70
01:00, Sat Jan 25 2025, 70
02:00, Sat Jan 25 2025, 70
03:00, Sat Jan 25 2025, 70
04:00, Sat Jan 25 2025, 70
05:00, Sat Jan 25 2025, 70
06:00, Sat Jan 25 2025, 70
07:00, Sat Jan 25 2025, 70
08:00, Sat Jan 25 2025, 70
09:00, Sat Jan 25 2025, 70
10:00, Sat Jan 25 2025, 70
11:00, Sat Jan 25 2025, 70
12:00, Sat Jan 25 2025, 70
13:00, Sat Jan 25 2025, 70
14:00, Sat Jan 25 2025, 70
15:00, Sat Jan 25 2025, 70
16:00, Sat Jan 25 2025, 70
17:00, Sat Jan 25 2025, 70
18:00, Sat Jan 25 2025, 70
19:00, Sat Jan 25 2025, 70
20:00, Sat Jan 25 2025, 70
21:00, Sat Jan 25 2025, 70
22:00, Sat Jan 25 2025, 70
23:00, Sat Jan 25 2025, 70
00:00, Sun Jan 26 2025, 70
01:00, Sun Jan 26 2025, 70
02:00, Sun Jan 26 2025, 70
03:00, Sun Jan 26 2025, 70
04:00, Sun Jan 26 2025, 70
05:00, Sun Jan 26 2025, 70
06:00, Sun Jan 26 2025, 70
07:00, Sun Jan 26 2025, 70
08:00, Sun Jan 26 2025, 70
09:00, Sun Jan 26 2025, 70
10:00, Sun Jan 26 2025, 70
11:00, Sun Jan 26 2025, 70
12:00, Sun Jan 26 2025, 70
13:00, Sun Jan 26 2025, 70
14:00, Sun Jan 26 2025, 70
15:00, Sun Jan 26 2025, 70
16:00, Sun Jan 26 2025, 70
17:00, Sun Jan 26 2025, 70
18:00, Sun Jan 26 2025, 70
19:00, Sun Jan 26 2025, 70
20:00, Sun Jan 26 2025, 70
21:00, Sun Jan 26 2025, 70
22:00, Sun Jan 26 2025, 70
23:00, Sun Jan 26 2025, 70
00:00, Mon Jan 27 2025, 70
01:00, Mon Jan 27 2025, 70
02:00, Mon Jan 27 2025, 70
03:00, Mon Jan 27 2025, 70
04:00, Mon Jan 27 2025, 70
05:00, Mon Jan 27 2025, 70
06:00, Mon Jan 27 2025, 70
07:00, Mon Jan 27 2025, 70
08:00, Mon Jan 27 2025, 70
09:00, Mon Jan 27 2025, 70
10:00, Mon Jan 27 2025, 70
11:00, Mon Jan 27 2025, 70
12:00, Mon Jan 27 2025, 70
13:00, Mon Jan 27 2025, 70
14:00, Mon Jan 27 2025, 70
15:00, Mon Jan 27 2025, 70
16:00, Mon Jan 27 2025, 70
17:00, Mon Jan 27 2025, 70
18:00, Mon Jan 27 2025, 70
19:00, Mon Jan 27 2025, 70
20:00, Mon Jan 27 2025, 70
21:00, Mon Jan 27 2025, 70
22:00, Mon Jan 27 2025, 70
23:00, Mon Jan 27 2025, 70
00:00, Tue Jan 28 2025, 70
01:00, Tue Jan 28 2025, 70
02:00, Tue Jan 28 2025, 70
03:00, Tue Jan 28 2025, 70
04:00, Tue Jan 28 2025, 70
05:00, Tue Jan 28 2025, 70
06:00, Tue Jan 28 2025, 70
07:00, Tue Jan 28 2025, 70
08:00, Tue Jan 28 2025, 70
09:00, Tue Jan 28 2025, 70
10:00, Tue Jan 28 2025, 70
11:00, Tue Jan 28 2025, 70
12:00, Tue Jan 28 2025, 70
13:00, Tue Jan 28 2025, 70
14:00, Tue Jan 28 2025, 70
15:00, Tue Jan 28 2025, 70
16:00, Tue Jan 28 2025, 70
17:00, Tue Jan 28 2025, 70
18:00, Tue Jan 28 2025, 70
19:00, Tue Jan 28 2025, 70
20:00, Tue Jan 28 2025, 70
21:00, Tue Jan 28 2025, 70
22:00, Tue Jan 28 2025, 70
23:00, Tue Jan 28 2025, 70
00:00, Wed Jan 29 2025, 70
01:00, Wed Jan 29 2025, 70
02:00, Wed Jan 29 2025, 70
03:00, Wed Jan 29 2025, 70
04:00, Wed Jan 29 2025, 70
05:00, Wed Jan 29 2025, 70
06:00, Wed Jan 29 2025, 70
07:00, Wed Jan 29 2025, 70
08:00, Wed Jan 29 2025, 70
09:00, Wed Jan 29 2025, 70
10:00, Wed Jan 29 2025, 70
11:00, Wed Jan 29 2025, 70
12:00, Wed Jan 29 2025, 70
13:00, Wed Jan 29 2025, 70
14:00, Wed Jan 29 2025, 70
15:00, Wed Jan 29 2025, 70
16:00, Wed Jan 29 2025, 70
17:00, Wed Jan 29 2025, 70
18:00, Wed Jan 29 2025, 70
19:00, Wed Jan 29 2025, 70
20:00, Wed Jan 29 2025, 70
21:00, Wed Jan 29 2025, 70
22:00, Wed Jan 29 2025, 70
23:00, Wed Jan 29 2025, 70
00:00, Thu Jan 30 2025, 70
01:00, Thu Jan 30 2025, 70
02:00, Thu Jan 30 2025, 70
03:00, Thu Jan 30 2025, 70
04:00, Thu Jan 30 2025, 70
05:00, Thu Jan 30 2025, 70
06:00, Thu Jan 30 2025, 70
07:00, Thu Jan 30 2025, 70
08:00, Thu Jan 30 2025, 70
09:00, Thu Jan 30 2025, 70
10:00, Thu Jan 30 2025, 70
11:00, Thu Jan 30 2025, 70
12:00, Thu Jan 30 2025, 70
13:00, Thu Jan 30 2025, 70
14:00, Thu Jan 30 2025, 70
15:00, Thu Jan 30 2025, 70
16:00, Thu Jan 30 2025, 70
17:00, Thu Jan 30 2025, 70
18:00, Thu Jan 30 2025, 70
19:00, Thu Jan 30 2025, 70
20:00, Thu Jan 30 2025, 70
21:00, Thu Jan 30 2025, 70
22:00, Thu Jan 30 2025, 70
23:00, Thu Jan 30 2025, 70
00:00, Fri Jan 31 2025, 70
01:00, Fri Jan 31 2025, 70
02:00, Fri Jan 31 2025, 70
03:00, Fri Jan 31 2025, 70
04:00, Fri Jan 31 2025, 70
05:00, Fri Jan 31 2025, 70
06:00, Fri Jan 31 2025, 70
07:00, Fri Jan 31 2025, 70
08:00, Fri Jan 31 2025, 70
09:00, Fri Jan 31 2025, 70
10:00, Fri Jan 31 2025, 70
11:00, Fri Jan 31 2025, 70
12:00, Fri Jan 31 2025, 70
13:00, Fri Jan 31 2025, 70
14:00, Fri Jan 31 2025, 70
15:00, Fri Jan 31 2025, 70
16:00, Fri Jan 31 2025, 70
17:00, Fri Jan 31 2025, 70
18:00, Fri Jan 31 2025, 70
19:00, Fri Jan 31 2025, 70
20:00, Fri Jan 31 2025, 70
21:00, Fri Jan 31 2025, 70
22:00, Fri Jan 31 2025, 70
23:00, Fri Jan 31 2025, 70
00:00, Sat Feb 01 2025, 70
01:00, Sat Feb 01 2025, 70
02:00, Sat Feb 01 2025, 70
03:00, Sat Feb 01 2025, 70
04:00, Sat Feb 01 2025, 70
05:00, Sat Feb 01 2025, 70
06:00, Sat Feb 01 2025, 70
07:00, Sat Feb 01 2025, 70
08:00, Sat Feb 01 2025, 70
09:00, Sat Feb 01 2025, 70
10:00, Sat Feb 01 2025, 70
11:00, Sat Feb 01 2025, 70
12:00, Sat Feb 01 2025, 70
13:00, Sat Feb 01 2025, 70
14:00, Sat Feb 01 2025, 70
15:00, Sat Feb 01 2025, 70
16:00, Sat Feb 01 2025, 70
17:00, Sat Feb 01 2025, 70
18:00, Sat Feb 01 2025, 70
19:00, Sat Feb 01 2025, 70
20:00, Sat Feb 01 2025, 70
21:00, Sat Feb 01 2025, 70
22:00, Sat Feb 01 2025, 70
23:00, Sat Feb 01 2025, 70
00:00, Sun Feb 02 2025, 70
01:00, Sun Feb 02 2025, 70
02:00, Sun Feb 02 2025, 70
03:00, Sun Feb 02 2025, 70
04:00, Sun Feb 02 2025, 70
05:00, Sun Feb 02 2025, 70
06:00, Sun Feb 02 2025, 70
07:00, Sun Feb 02 2025, 70
08:00, Sun Feb 02 2025, 70
09:00, Sun Feb 02 2025, 70
10:00, Sun Feb 02 2025, 70
11:00, Sun Feb 02 2025, 70
12:00, Sun Feb 02 2025, 70
13:00, Sun Feb 02 2025, 70
14:00, Sun Feb 02 2025, 70
15:00, Sun Feb 02 2025, 70
16:00, Sun Feb 02 2025, 70
17:00, Sun Feb 02 2025, 70
18:00, Sun Feb 02 2025, 70
19:00, Sun Feb 02 2025, 70
20:00, Sun Feb 02 2025, 70
21:00, Sun Feb 02 2025, 70
22:00, Sun Feb 02 2025, 70
23:00, Sun Feb 02 2025, 70
00:00, Mon Feb 03 2025, 70
01:00, Mon Feb 03 2025, 70
02:00, Mon Feb 03 2025, 70
03:00, Mon Feb 03 2025, 70
04:00, Mon Feb 03 2025, 70
05:00, Mon Feb 03 2025, 70
06:00, Mon Feb 03 2025, 70
07:00, Mon Feb 03 2025, 70
08:00, Mon Feb 03 2025, 70
09:00, Mon Feb 03 2025, 70
10:00, Mon Feb 03 2025, 70
11:00, Mon Feb 03 2025, 70
12:00, Mon Feb 03 2025, 70
13:00, Mon Feb 03 2025, 70
14:00, Mon Feb 03 2025, 70
15:00, Mon Feb 03 2025, 70
16:00, Mon Feb 03 2025, 70
17:00, Mon Feb 03 2025, 70
18:00, Mon Feb 03 2025, 70
19:00, Mon Feb 03 2025, 70
20:00, Mon Feb 03 2025, 70
21:00, Mon Feb 03 2025, 70
22:00, Mon Feb 03 2025, 70
23:00, Mon Feb 03 2025, 70
00:00, Tue Feb 04 2025, 70
01:00, Tue Feb 04 2025, 70
02:00, Tue Feb 04 2025, 70
03:00, Tue Feb 04 2025, 70
04:00, Tue Feb 04 2025, 70
05:00, Tue Feb 04 2025, 70
06:00, Tue Feb 04 2025, 70
07:00, Tue Feb 04 2025, 70
08:00, Tue Feb 04 2025, 70
09:00, Tue Feb 04 2025, 70
10:00, Tue Feb 04 2025, 70
11:00, Tue Feb 04 2025, 70
12:00, Tue Feb 04 2025, 70
13:00, Tue Feb 04 2025, 70
14:00, Tue Feb 04 2025, 70
15:00, Tue Feb 04 2025, 70
16:00, Tue Feb 04 2025, 70
17:00, Tue Feb 04 2025, 70
18:00, Tue Feb 04 2025, 70
19:00, Tue Feb 04 2025, 70
20:00, Tue Feb 04 2025, 70
21:00, Tue Feb 04 2025, 70
22:00, Tue Feb 04 2025, 70
23:00, Tue Feb 04 2025, 70
00:00, Wed Feb 05 2025, 70
01:00, Wed Feb 05 2025, 70
02:00, Wed Feb 05 2025, 70
03:00, Wed Feb 05 2025, 70
04:00, Wed Feb 05 2025, 70
05:00, Wed Feb 05 2025, 70
06:00, Wed Feb 05 2025, 70
07:00, Wed Feb 05 2025, 70
08:00, Wed Feb 05 2025, 70
09:00, Wed Feb 05 2025, 70
10:00, Wed Feb 05 2025, 70
11:00, Wed Feb 05 2025, 70
12:00, Wed Feb 05 2025, 70
13:00, Wed Feb 05 2025, 70
14:00, Wed Feb 05 2025, 70
15:00, Wed Feb 05 2025, 70
16:00, Wed Feb 05 2025, 70
17:00, Wed Feb 05 2025, 70
18:00, Wed Feb 05 2025, 70
19:00, Wed Feb 05 2025, 70
20:00, Wed Feb 05 2025, 70
21:00, Wed Feb 05 2025, 70
22:00, Wed Feb 05 2025, 70
23:00, Wed Feb 05 2025, 70
00:00, Thu Feb 06 2025, 70
01:00, Thu Feb 06 2025, 70
02:00, Thu Feb 06 2025, 70
03:00, Thu Feb 06 2025, 70
04:00, Thu Feb 06 2025, 70
05:00, Thu Feb 06 2025, 70
06:00, Thu Feb 06 2025, 70
07:00, Thu Feb 06 2025, 70
08:00, Thu Feb 06 2025, 70
09:00, Thu Feb 06 2025, 70
10:00, Thu Feb 06 2025, 70
11:00, Thu Feb 06 2025, 70
12:00, Thu Feb 06 2025, 70
13:00, Thu Feb 06 2025, 70
14:00, Thu Feb 06 2025, 70
15:00, Thu Feb 06 2025, 70
16:00, Thu Feb 06 2025, 70
17:00, Thu Feb 06 2025, 70
18:00, Thu Feb 06 2025, 70
19:00, Thu Feb 06 2025, 70
20:00, Thu Feb 06 2025, 70
21:00, Thu Feb 06 2025, 70
22:00, Thu Feb 06 2025, 70
23:00, Thu Feb 06 2025, 70
00:00, Fri Feb 07 2025, 70
01:00, Fri Feb 07 2025, 70
02:00, Fri Feb 07 2025, 70
03:00, Fri Feb 07 2025, 70
04:00, Fri Feb 07 2025, 70
05:00, Fri Feb 07 2025, 70
06:00, Fri Feb 07 2025, 70
07:00, Fri Feb 07 2025, 70
08:00, Fri Feb 07 2025, 70
09:00, Fri Feb 07 2025, 70
10:00, Fri Feb 07 2025, 70
11:00, Fri Feb 07 2025, 70
12:00, Fri Feb 07 2025, 70
13:00, Fri Feb 07 2025, 70
14:00, Fri Feb 07 2025, 70
15:00, Fri Feb 07 2025, 70
16:00, Fri Feb 07 2025, 70
17:00, Fri Feb 07 2025, 70
18:00, Fri Feb 07 2025, 70
19:00, Fri Feb 07 2025, 70
20:00, Fri Feb 07 2025, 70
21:00, Fri Feb 07 2025, 70
22:00, Fri Feb 07 2025, 70
23:00, Fri Feb 07 2025, 70
00:00, Sat Feb 08 2025, 70
01:00, Sat Feb 08 2025, 70
02:00, Sat Feb 08 2025, 70
03:00, Sat Feb 08 2025, 70
04:00, Sat Feb 08 2025, 70
05:00, Sat Feb 08 2025, 70
06:00, Sat Feb 08 2025, 70
07:00, Sat Feb 08 2025, 70
08:00, Sat Feb 08 2025, 70
09:00, Sat Feb 08 2025, 70
10:00, Sat Feb 08 2025, 70
11:00, Sat Feb 08 2025, 70
12:00, Sat Feb 08 2025, 70
13:00, Sat Feb 08 2025, 70
14:00, Sat Feb 08 2025, 70
15:00, Sat Feb 08 2025, 70
16:00, Sat Feb 08 2025, 70
17:00, Sat Feb 08 2025, 70
18:00, Sat Feb 08 2025, 70
19:00, Sat Feb 08 2025, 70
20:00, Sat Feb 08 2025, 70
21:00, Sat Feb 08 2025, 70
22:00, Sat Feb 08 2025, 70
23:00, Sat Feb 08 2025, 70
00:00, Sun Feb 09 2025, 70
01:00, Sun Feb 09 2025, 70
02:00, Sun Feb 09 2025, 70
03:00, Sun Feb 09 2025, 70
04:00, Sun Feb 09 2025, 70
05:00, Sun Feb 09 2025, 70
06:00, Sun Feb 09 2025, 70
07:00, Sun Feb 09 2025, 70
08:00, Sun Feb 09 2025, 70
09:00, Sun Feb 09 2025, 70
10:00, Sun Feb 09 2025, 70
11:00, Sun Feb 09 2025, 70
12:00, Sun Feb 09 2025, 70
13:00, Sun Feb 09 2025, 70
14:00, Sun Feb 09 2025, 70
15:00, Sun Feb 09 2025, 70
16:00, Sun Feb 09 2025, 70
17:00, Sun Feb 09 2025, 70
18:00, Sun Feb 09 2025, 70
19:00, Sun Feb 09 2025, 70
20:00, Sun Feb 09 2025, 70
21:00, Sun Feb 09 2025, 70
22:00, Sun Feb 09 2025, 70
23:00, Sun Feb 09 2025, 70
00:00, Mon Feb 10 2025, 70
01:00, Mon Feb 10 2025, 70
02:00, Mon Feb 10 2025, 70
03:00, Mon Feb 10 2025, 70
04:00, Mon Feb 10 2025, 70
05:00, Mon Feb 10 2025, 70
06:00, Mon Feb 10 2025, 70
07:00, Mon Feb 10 2025, 70
08:00, Mon Feb 10 2025, 70
09:00, Mon Feb 10 2025, 70
10:00, Mon Feb 10 2025, 70
11:00, Mon Feb 10 2025, 70
12:00, Mon Feb 10 2025, 70
13:00, Mon Feb 10 2025, 70
14:00, Mon Feb 10 2025, 70
15:00, Mon Feb 10 2025, 70
16:00, Mon Feb 10 2025, 70
17:00, Mon Feb 10 2025, 70
18:00, Mon Feb 10 2025, 70
19:00, Mon Feb 10 2025, 70
20:00, Mon Feb 10 2025, 70
21:00, Mon Feb 10 2025, 70
22:00, Mon Feb 10 2025, 70
23:00, Mon Feb 10 2025, 70
00:00, Tue Feb 11 2025, 70
01:00, Tue Feb 11 2025, 70
02:00, Tue Feb 11 2025, 70
03:00, Tue Feb 11 2025, 70
04:00, Tue Feb 11 2025, 70
05:00, Tue Feb 11 2025, 70
06:00, Tue Feb 11 2025, 70
07:00, Tue Feb 11 2025, 70
08:00, Tue Feb 11 2025, 70
09:00, Tue Feb 11 2025, 70
10:00, Tue Feb 11 2025, 70
11:00, Tue Feb 11 2025, 70
12:00, Tue Feb 11 2025, 70
13:00, Tue Feb 11 2025, 70
14:00, Tue Feb 11 2025, 70
15:00, Tue Feb 11 2025, 70
16:00, Tue Feb 11 2025, 70
17:00, Tue Feb 11 2025, 70
18:00, Tue Feb 11 2025, 70
19:00, Tue Feb 11 2025, 70
20:00, Tue Feb 11 2025, 70
21:00, Tue Feb 11 2025, 70
22:00, Tue Feb 11 2025, 70
23:00, Tue Feb 11 2025, 70
00:00, Wed Feb 12 2025, 70
01:00, Wed Feb 12 2025, 70
02:00, Wed Feb 12 2025, 70
03:00, Wed Feb 12 2025, 70
04:00, Wed Feb 12 2025, 70
05:00, Wed Feb 12 2025, 70
06:00, Wed Feb 12 2025, 70
07:00, Wed Feb 12 2025, 70
08:00, Wed Feb 12 2025, 70
09:00, Wed Feb 12 2025, 70
10:00, Wed Feb 12 2025, 70
11:00, Wed Feb 12 2025, 70
12:00, Wed Feb 12 2025, 70
13:00, Wed Feb 12 2025, 70
14:00, Wed Feb 12 2025, 70
15:00, Wed Feb 12 2025, 70
16:00, Wed Feb 12 2025, 70
17:00, Wed Feb 12 2025, 70
18:00, Wed Feb 12 2025, 70
19:00, Wed Feb 12 2025, 70
20:00, Wed Feb 12 2025, 70
21:00, Wed Feb 12 2025, 70
22:00, Wed Feb 12 2025, 70
23:00, Wed Feb 12 2025, 70
00:00, Thu Feb 13 2025, 70
01:00, Thu Feb 13 2025, 70
02:00, Thu Feb 13 2025, 70
03:00, Thu Feb 13 2025, 70
04:00, Thu Feb 13 2025, 70
05:00, Thu Feb 13 2025, 70
06:00, Thu Feb 13 2025, 70
07:00, Thu Feb 13 2025, 70
08:00, Thu Feb 13 2025, 70
09:00, Thu Feb 13 2025, 70
10:00, Thu Feb 13 2025, 70
11:00, Thu Feb 13 2025, 70
12:00, Thu Feb 13 2025, 70
13:00, Thu Feb 13 2025, 70
14:00, Thu Feb 13 2025, 70
15:00, Thu Feb 13 2025, 70
16:00, Thu Feb 13 2025, 70
17:00, Thu Feb 13 2025, 70
18:00, Thu Feb 13 2025, 70
19:00, Thu Feb 13 2025, 70
20:00, Thu Feb 13 2025, 70
21:00, Thu Feb 13 2025, 70
22:00, Thu Feb 13 2025, 70
23:00, Thu Feb 13 2025, 70
00:00, Fri Feb 14 2025, 70
01:00, Fri Feb 14 2025, 70
02:00, Fri Feb 14 2025, 70
03:00, Fri Feb 14 2025, 70
04:00, Fri Feb 14 2025, 70
05:00, Fri Feb 14 2025, 70
06:00, Fri Feb 14 2025, 70
07:00, Fri Feb 14 2025, 70
08:00, Fri Feb 14 2025, 70
09:00, Fri Feb 14 2025, 70
10:00, Fri Feb 14 2025, 70
11:00, Fri Feb 14 2025, 70
12:00, Fri Feb 14 2025, 70
13:00, Fri Feb 14 2025, 70
14:00, Fri Feb 14 2025, 70
15:00, Fri Feb 14 2025, 70
16:00, Fri Feb 14 2025, 70
17:00, Fri Feb 14 2025, 70
18:00, Fri Feb 14 2025, 70
19:00, Fri Feb 14 2025, 70
20:00, Fri Feb 14 2025, 70
21:00, Fri Feb 14 2025, 70
22:00, Fri Feb 14 2025, 70
23:00, Fri Feb 14 2025, 70
00:00, Sat Feb 15 2025, 70
01:00, Sat Feb 15 2025, 70
02:00, Sat Feb 15 2025, 70
03:00, Sat Feb 15 2025, 70
04:00, Sat Feb 15 2025, 70
05:00, Sat Feb 15 2025, 70
06:00, Sat Feb 15 2025, 70
07:00, Sat Feb 15 2025, 70
08:00, Sat Feb 15 2025, 70
09:00, Sat Feb 15 2025, 70
10:00, Sat Feb 15 2025, 70
11:00, Sat Feb 15 2025, 70
12:00, Sat Feb 15 2025, 70
13:00, Sat Feb 15 2025, 70
14:00, Sat Feb 15 2025, 70
15:00, Sat Feb 15 2025, 70
16:00, Sat Feb 15 2025, 70
17:00, Sat Feb 15 2025, 70
18:00, Sat Feb 15 2025, 70
19:00, Sat Feb 15 2025, 70
20:00, Sat Feb 15 2025, 70
21:00, Sat Feb 15 2025, 70
22:00, Sat Feb 15 2025, 70
23:00, Sat Feb 15 2025, 70
00:00, Sun Feb 16 2025, 70
01:00, Sun Feb 16 2025, 70
02:00, Sun Feb 16 2025, 70
03:00, Sun Feb 16 2025, 70
04:00, Sun Feb 16 2025, 70
05:00, Sun Feb 16 2025, 70
06:00, Sun Feb 16 2025, 70
07:00, Sun Feb 16 2025, 70
08:00, Sun Feb 16 2025, 70
09:00, Sun Feb 16 2025, 70
10:00, Sun Feb 16 2025, 70
11:00, Sun Feb 16 2025, 70
12:00, Sun Feb 16 2025, 70
13:00, Sun Feb 16 2025, 70
14:00, Sun Feb 16 2025, 70
15:00, Sun Feb 16 2025, 70
16:00, Sun Feb 16 2025, 70
17:00, Sun Feb 16 2025, 70
18:00, Sun Feb 16 2025, 70
19:00, Sun Feb 16 2025, 70
20:00, Sun Feb 16 2025, 70
21:00, Sun Feb 16 2025, 70
22:00, Sun Feb 16 2025, 70
23:00, Sun Feb 16 2025, 70
00:00, Mon Feb 17 2025, 70
01:00, Mon Feb 17 2025, 70
02:00, Mon Feb 17 2025, 70
03:00, Mon Feb 17 2025, 70
04:00, Mon Feb 17 2025, 70
05:00, Mon Feb 17 2025, 70
06:00, Mon Feb 17 2025, 70
07:00, Mon Feb 17 2025, 70
08:00, Mon Feb 17 2025, 70
09:00, Mon Feb 17 2025, 70
10:00, Mon Feb 17 2025, 70
11:00, Mon Feb 17 2025, 70
12:00, Mon Feb 17 2025, 70
13:00, Mon Feb 17 2025, 70
14:00, Mon Feb 17 2025, 70
15:00, Mon Feb 17 2025, 70
16:00, Mon Feb 17 2025, 70
17:00, Mon Feb 17 2025, 70
18:00, Mon Feb 17 2025, 70
19:00, Mon Feb 17 2025, 70
20:00, Mon Feb 17 2025, 70
21:00, Mon Feb 17 2025, 70
22:00, Mon Feb 17 2025, 70
23:00, Mon Feb 17 2025, 70
00:00, Tue Feb 18 2025, 70
01:00, Tue Feb 18 2025, 70
02:00, Tue Feb 18 2025, 70
03:00, Tue Feb 18 2025, 70
04:00, Tue Feb 18 2025, 70
05:00, Tue Feb 18 2025, 70
06:00, Tue Feb 18 2025, 70
07:00, Tue Feb 18 2025, 70
08:00, Tue Feb 18 2025, 70
09:00, Tue Feb 18 2025, 70
10:00, Tue Feb 18 2025, 70
11:00, Tue Feb 18 2025, 70
12:00, Tue Feb 18 2025, 70
13:00, Tue Feb 18 2025, 70
14:00, Tue Feb 18 2025, 70
15:00, Tue Feb 18 2025, 70
16:00, Tue Feb 18 2025, 70
17:00, Tue Feb 18 2025, 70
18:00, Tue Feb 18 2025, 70
19:00, Tue Feb 18 2025, 70
20:00, Tue Feb 18 2025, 70
21:00, Tue Feb 18 2025, 70
22:00, Tue Feb 18 2025, 70
23:00, Tue Feb 18 2025, 70
